{
    "inputUnits": [
        34
    ],
    "outputUnits": 5,
    "inputs": {
        "0": {
            "dtype": "number",
            "min": 75.11095841107202,
            "max": 565.2303038125837
        },
        "1": {
            "dtype": "number",
            "min": 137.25062745090588,
            "max": 360.080832396036
        },
        "2": {
            "dtype": "number",
            "min": 92.51815499034838,
            "max": 598.9517585962199
        },
        "3": {
            "dtype": "number",
            "min": 130.64875383785264,
            "max": 308.5506596546693
        },
        "4": {
            "dtype": "number",
            "min": 47.896182880327395,
            "max": 541.0425172798365
        },
        "5": {
            "dtype": "number",
            "min": 127.67493518873874,
            "max": 342.4714262847307
        },
        "6": {
            "dtype": "number",
            "min": 180.04904780406432,
            "max": 617.2272250995562
        },
        "7": {
            "dtype": "number",
            "min": 138.00846203755776,
            "max": 337.37642162040976
        },
        "8": {
            "dtype": "number",
            "min": 43.15001610188169,
            "max": 459.6009488235652
        },
        "9": {
            "dtype": "number",
            "min": 129.2500857342078,
            "max": 366.84738337297847
        },
        "10": {
            "dtype": "number",
            "min": 285.5831606378815,
            "max": 639.7705125623177
        },
        "11": {
            "dtype": "number",
            "min": 193.77220539731275,
            "max": 476.93810088161365
        },
        "12": {
            "dtype": "number",
            "min": 64.4297903335512,
            "max": 422.20700750091197
        },
        "13": {
            "dtype": "number",
            "min": 163.64612623875243,
            "max": 545.6758503598462
        },
        "14": {
            "dtype": "number",
            "min": 198.60862167892753,
            "max": 663.3886552506384
        },
        "15": {
            "dtype": "number",
            "min": 146.11275402024563,
            "max": 597.965353880411
        },
        "16": {
            "dtype": "number",
            "min": 30.424066684589313,
            "max": 466.0476577699416
        },
        "17": {
            "dtype": "number",
            "min": 126.87127376808732,
            "max": 603.8423934520914
        },
        "18": {
            "dtype": "number",
            "min": 198.69244430779483,
            "max": 647.7057027260154
        },
        "19": {
            "dtype": "number",
            "min": 67.77013518930875,
            "max": 575.1761422361382
        },
        "20": {
            "dtype": "number",
            "min": 32.596414172695766,
            "max": 515.0224120143787
        },
        "21": {
            "dtype": "number",
            "min": 73.68975509465437,
            "max": 579.1172938959144
        },
        "22": {
            "dtype": "number",
            "min": 307.55239167565963,
            "max": 553.8281422180888
        },
        "23": {
            "dtype": "number",
            "min": 359.76553505032905,
            "max": 599.8529883952457
        },
        "24": {
            "dtype": "number",
            "min": 161.38534872448398,
            "max": 472.0555880654183
        },
        "25": {
            "dtype": "number",
            "min": 353.8263034449477,
            "max": 588.6341756976532
        },
        "26": {
            "dtype": "number",
            "min": 293.56914475734135,
            "max": 573.1934757455314
        },
        "27": {
            "dtype": "number",
            "min": 388.1434447292224,
            "max": 591.948206563868
        },
        "28": {
            "dtype": "number",
            "min": 59.642077494224225,
            "max": 445.11685798140354
        },
        "29": {
            "dtype": "number",
            "min": 479.8132024386514,
            "max": 589.9776592328855
        },
        "30": {
            "dtype": "number",
            "min": 277.5167306387935,
            "max": 608.794054558305
        },
        "31": {
            "dtype": "number",
            "min": 432.9900238393345,
            "max": 588.6606511809947
        },
        "32": {
            "dtype": "number",
            "min": 80.39633502292263,
            "max": 464.52790731585907
        },
        "33": {
            "dtype": "number",
            "min": 540.5342796711607,
            "max": 589.8264606639106
        }
    },
    "outputs": {
        "0": {
            "dtype": "string",
            "min": 0,
            "max": 1,
            "uniqueValues": [
                "a",
                "b",
                "c",
                "d",
                "e"
            ],
            "legend": {
                "a": [
                    1,
                    0,
                    0,
                    0,
                    0
                ],
                "b": [
                    0,
                    1,
                    0,
                    0,
                    0
                ],
                "c": [
                    0,
                    0,
                    1,
                    0,
                    0
                ],
                "d": [
                    0,
                    0,
                    0,
                    1,
                    0
                ],
                "e": [
                    0,
                    0,
                    0,
                    0,
                    1
                ]
            }
        }
    },
    "isNormalized": true
}